序号,用户名,真实名称,邮箱,角色,状态,创建时间
"	1",user1,用户1,user1@example.com,user,停用,2025-10-17
"	2",user2,用户2,user2@example.com,"user
editor",活跃,2025-10-16
"	3",user3,用户3,user3@example.com,viewer,停用,2025-10-25
"	4",user4,用户4,user4@example.com,admin,活跃,2025-10-24
"	5",user5,用户5,user5@example.com,user,停用,2025-10-17
"	6",user6,用户6,user6@example.com,"user
editor",活跃,2025-10-26
"	7",user7,用户7,user7@example.com,viewer,停用,2025-11-13
"	8",user8,用户8,user8@example.com,admin,活跃,2025-10-26
"	9",user9,用户9,user9@example.com,user,停用,2025-11-03
"	10",user10,用户10,user10@example.com,"user
editor",活跃,2025-10-19
